category,title,views
Travel & Events          ,"""Turkish Airlines - 5 Senses with Dr. Oz""                                                                                                                                                               ",23932421
Comedy                   ,"""Anitta & J Balvin - Downtown (Official Lyric Video) ft. Lele Pons & Juanpa Zurita""                                                                                                                     ",43460605
Entertainment            ,"""YouTube Rewind: The Shape of 2017 | #YouTubeRewind""                                                                                                                                                    ",169884583
Sports                   ,"""Real Life Trick Shots 2 | Dude Perfect""                                                                                                                                                                ",29090799
Education                ,"""पुराने फ़िल्मी गंदे सीन, जिनके आगे नयी फिल्मे भी है फीकी || bollywood double meaning scenes""                                                                                                            ",12100921
Pets & Animals           ,"""野生動物の驚くべき瞬間2018！ライオンモンキーヒョウカンガルー""                                                                                                                                                                      ",7220717
Film & Animation         ,"""Selena Gomez - Back To You (Lyric Video)""                                                                                                                                                              ",54863912
Music                    ,"""Nicky Jam x J. Balvin - X (EQUIS) | Video Oficial | Prod. Afro Bros & Jeon""                                                                                                                            ",424538912
Shows                    ,"""Пусть говорят - Диана Шурыгина шокирована освобождением Сергея Семенова. Выпуск от 15.01.2018""                                                                                                         ",5167531
Nonprofits & Activism    ,"""Suicide: Be Here Tomorrow.""                                                                                                                                                                            ",26703269
Autos & Vehicles         ,"""Official Ram Trucks Super Bowl Commercial | Icelandic Vikings | We Will Rock You""                                                                                                                      ",25244097
Movies                   ,"""Golak Bugni Bank Te Batua Full Movie (HD) | Harish Verma | Simi Chahal | Superhit Punjabi Movies""                                                                                                      ",7398655
Science & Technology     ,"""Do You Hear Yanny or Laurel? (SOLVED with SCIENCE)""                                                                                                                                                    ",42799458
Pets & Animals           ,"""野生動物の驚くべき瞬間2018！ライオンモンキーヒョウカンガルー""                                                                                                                                                                      ",7220717
People & Blogs           ,"""To Our Daughter""                                                                                                                                                                                       ",62338362
Trailers                 ,"""TRAILER VIDEO""                                                                                                                                                                                         ",19845
Howto & Style            ,"""42 HOLY GRAIL HACKS THAT WILL SAVE YOU A FORTUNE""                                                                                                                                                      ",54155921
News & Politics          ,"""Aquí mi respuesta a los nuevos ataques del gobierno en mi contra.""                                                                                                                                     ",21716633
Pets & Animals           ,"""野生動物の驚くべき瞬間2018！ライオンモンキーヒョウカンガルー""                                                                                                                                                                      ",7220717
Gaming                   ,"""Yodeling Walmart Kid EDM Remix (OFFICIAL AUDIO) + DOWNLOAD LINK""                                                                                                                                       ",18158133
